feature_set,model,split,seed,n_train,n_test,test_references,test_adsorbents,test_adsorbates,R2,RMSE,MAE,bias,pred_min,pred_max
full_capacity_process_model,dummy_mean,random_regime,0,429,108,48,72,11,-0.02164166443976634,31.464471931118222,26.513801751505436,4.579483291852497,72.58571457342657,72.58571457342657
full_capacity_process_model,xgboost,random_regime,0,429,108,48,72,11,0.8326467859654305,12.73468415599116,8.8066039878184,0.7561050520186585,7.344704627990723,99.31035614013672
full_capacity_process_model,extra_trees,random_regime,0,429,108,48,72,11,0.8058652681629173,13.715851344149389,9.242837712584551,0.7566497246591771,3.138715277777779,99.91259603174602
full_capacity_process_model,lightgbm,random_regime,0,429,108,48,72,11,0.8499010284499623,12.06035266999759,8.053275631584214,0.5850946812550512,8.36588483220777,100.0
full_capacity_process_model,lightgbm_conservative,random_regime,0,429,108,48,72,11,0.8570304264547337,11.770447112311315,7.9770630534432945,1.0282323704859384,8.308295987884595,100.0
full_capacity_process_model,lightgbm_deeper,random_regime,0,429,108,48,72,11,0.8234492645245836,13.079944913190305,8.055204262914403,0.6404168318264515,5.3994233827122216,100.0
screening_safe_plus_ion,dummy_mean,random_regime,0,429,108,48,72,11,-0.02164166443976634,31.464471931118222,26.513801751505436,4.579483291852497,72.58571457342657,72.58571457342657
screening_safe_plus_ion,xgboost,random_regime,0,429,108,48,72,11,0.7909922884121532,14.231553327877668,10.90180415734637,0.722825465297309,17.24880027770996,100.0
screening_safe_plus_ion,extra_trees,random_regime,0,429,108,48,72,11,0.7688767290508802,14.965560500964457,11.115378779373808,0.8091235634100935,6.08116770833332,99.97578661616161
screening_safe_plus_ion,lightgbm,random_regime,0,429,108,48,72,11,0.7501830605799527,15.559014698999478,11.47819144405761,-0.21342979409749088,14.940526394067195,100.0
screening_safe_plus_ion,lightgbm_conservative,random_regime,0,429,108,48,72,11,0.7630088381480468,15.154346897618021,11.784780096827248,-0.3279103023863418,16.356125927830767,100.0
screening_safe_plus_ion,lightgbm_deeper,random_regime,0,429,108,48,72,11,0.7685773985377866,14.975248403467393,10.60754578842547,-0.5428994154066168,10.788208553933561,100.0
screening_safe_plus_adsorbate_onehot,dummy_mean,random_regime,0,429,108,48,72,11,-0.02164166443976634,31.464471931118222,26.513801751505436,4.579483291852497,72.58571457342657,72.58571457342657
screening_safe_plus_adsorbate_onehot,xgboost,random_regime,0,429,108,48,72,11,0.788542952489688,14.314699363103154,11.007436704840924,1.1836429701094788,15.013251304626465,100.0
screening_safe_plus_adsorbate_onehot,extra_trees,random_regime,0,429,108,48,72,11,0.7365144026861253,15.978999742884495,11.739724534237146,1.1082897369430418,5.938222222222209,99.94783494857683
screening_safe_plus_adsorbate_onehot,lightgbm,random_regime,0,429,108,48,72,11,0.7672662462095186,15.0176105135678,11.200312290709027,0.10907983657663836,15.755575038052983,100.0
screening_safe_plus_adsorbate_onehot,lightgbm_conservative,random_regime,0,429,108,48,72,11,0.7673575490001796,15.014664477098046,11.636529063709888,-0.6930678945013911,19.69298713117294,100.0
screening_safe_plus_adsorbate_onehot,lightgbm_deeper,random_regime,0,429,108,48,72,11,0.764911190373234,15.093401603655476,10.907279532484889,-0.6767449728888294,13.701740520748453,100.0
screening_safe_numeric_only,dummy_mean,random_regime,0,429,108,48,72,11,-0.02164166443976634,31.464471931118222,26.513801751505436,4.579483291852497,72.58571457342657,72.58571457342657
screening_safe_numeric_only,xgboost,random_regime,0,429,108,48,72,11,0.7341508559254868,16.050508006655463,12.613514208070542,1.2357156894008836,9.748517036437988,95.85920715332031
screening_safe_numeric_only,extra_trees,random_regime,0,429,108,48,72,11,0.45106541936638433,23.063830867394906,17.88951446457896,2.353239059726736,7.217649303041653,94.27759469696964
screening_safe_numeric_only,lightgbm,random_regime,0,429,108,48,72,11,0.540047577461237,21.1119138343348,15.016128904667607,2.7531506100785106,15.30880967221676,100.0
screening_safe_numeric_only,lightgbm_conservative,random_regime,0,429,108,48,72,11,0.5316111477508312,21.304651013039923,15.455205424745506,2.125988043852546,16.867812153864957,100.0
screening_safe_numeric_only,lightgbm_deeper,random_regime,0,429,108,48,72,11,0.7510169122237882,15.53302616042611,11.494064339227203,-0.18843120013841516,1.99955577008164,100.0
full_capacity_process_model,dummy_mean,holdout_reference,0,439,98,36,46,11,-0.010759573234336184,23.324053249966447,18.888569349494677,2.4064542830946953,72.10386787738041,72.10386787738041
full_capacity_process_model,xgboost,holdout_reference,0,439,98,36,46,11,0.1870317487435731,20.9178423385666,15.3834170855961,7.910708083035116,54.6779899597168,95.11604309082031
full_capacity_process_model,extra_trees,holdout_reference,0,439,98,36,46,11,0.40992182760962037,17.821114787651588,13.708437675757965,3.4096923124986325,50.395180202765125,91.48429317970113
full_capacity_process_model,lightgbm,holdout_reference,0,439,98,36,46,11,0.2204932699613089,20.482833141491408,15.334381661069376,6.485926174605227,51.75575444113029,100.0
full_capacity_process_model,lightgbm_conservative,holdout_reference,0,439,98,36,46,11,0.23354226562404046,20.310667575041823,15.269135946656432,6.427084358064117,53.99276921945363,100.0
full_capacity_process_model,lightgbm_deeper,holdout_reference,0,439,98,36,46,11,0.3011623649227231,19.394037689348533,14.92105937354301,4.905042458980536,38.4697743895425,100.0
screening_safe_plus_ion,dummy_mean,holdout_reference,0,439,98,36,46,11,-0.010759573234336184,23.324053249966447,18.888569349494677,2.4064542830946953,72.10386787738041,72.10386787738041
screening_safe_plus_ion,xgboost,holdout_reference,0,439,98,36,46,11,0.22903941585759557,20.37024160672761,16.86565918169907,-2.149455940383699,31.766176223754883,94.71478271484375
screening_safe_plus_ion,extra_trees,holdout_reference,0,439,98,36,46,11,0.2860819041798366,19.60217615671771,15.733051304621826,-0.5622018709265553,45.89795434890585,92.96322659473051
screening_safe_plus_ion,lightgbm,holdout_reference,0,439,98,36,46,11,0.14301633807898517,21.47664130395065,16.086710909003457,6.1443539815510455,58.73701869735977,100.0
screening_safe_plus_ion,lightgbm_conservative,holdout_reference,0,439,98,36,46,11,0.22945533991636646,20.36474611399458,16.770917865166467,-0.8242474953202541,33.455715747445964,100.0
screening_safe_plus_ion,lightgbm_deeper,holdout_reference,0,439,98,36,46,11,0.2867708056201562,19.592716229359034,15.078043014488284,3.4812772486705263,46.115325192243446,99.99725558688453
screening_safe_plus_adsorbate_onehot,dummy_mean,holdout_reference,0,439,98,36,46,11,-0.010759573234336184,23.324053249966447,18.888569349494677,2.4064542830946953,72.10386787738041,72.10386787738041
screening_safe_plus_adsorbate_onehot,xgboost,holdout_reference,0,439,98,36,46,11,0.19471688697164236,20.818737465070654,17.038728947218196,1.0639280456417415,38.10696792602539,95.0723648071289
screening_safe_plus_adsorbate_onehot,extra_trees,holdout_reference,0,439,98,36,46,11,0.23058761826044072,20.349778105458764,15.107892449487329,4.793380826046054,35.02589583333334,91.69843483022267
screening_safe_plus_adsorbate_onehot,lightgbm,holdout_reference,0,439,98,36,46,11,0.3034207354702406,19.362675350041197,15.088275028261801,2.4203625147136294,47.62450364382507,97.88732937556647
screening_safe_plus_adsorbate_onehot,lightgbm_conservative,holdout_reference,0,439,98,36,46,11,0.15569751617172778,21.31714925767003,17.51590551442871,-4.591103440839146,37.69888613183708,99.52061738795818
screening_safe_plus_adsorbate_onehot,lightgbm_deeper,holdout_reference,0,439,98,36,46,11,0.27495444320035967,19.75434982475669,15.02310178771106,2.193259467625441,54.28392513971504,100.0
screening_safe_numeric_only,dummy_mean,holdout_reference,0,439,98,36,46,11,-0.010759573234336184,23.324053249966447,18.888569349494677,2.4064542830946953,72.10386787738041,72.10386787738041
screening_safe_numeric_only,xgboost,holdout_reference,0,439,98,36,46,11,0.3005287699449014,19.402827414122317,15.47797636038634,-4.783570283676559,38.85980224609375,92.55088806152344
screening_safe_numeric_only,extra_trees,holdout_reference,0,439,98,36,46,11,0.33772366798310294,18.87990088312217,15.421897129715932,-4.267850077490145,29.200924391445408,91.45434151811695
screening_safe_numeric_only,lightgbm,holdout_reference,0,439,98,36,46,11,0.14088199620898323,21.503368761992302,17.33131291405013,-5.541257706425331,32.65787621101653,100.0
screening_safe_numeric_only,lightgbm_conservative,holdout_reference,0,439,98,36,46,11,0.11779150151711937,21.79042551847219,17.385842266750416,-5.179535217670264,29.867537494979786,100.0
screening_safe_numeric_only,lightgbm_deeper,holdout_reference,0,439,98,36,46,11,-0.17553611609802156,25.15348013784558,20.449673570133932,-11.258523536988754,25.100427889257865,100.0
full_capacity_process_model,dummy_mean,holdout_adsorbent,0,430,107,38,43,11,-0.07770390106129121,31.36536038615893,27.397033474726353,8.422130487506191,73.34285380367442,73.34285380367442
full_capacity_process_model,xgboost,holdout_adsorbent,0,430,107,38,43,11,0.08401874687661703,28.916374925549494,19.999260738397204,9.830041530633533,17.915307998657227,99.86766052246094
full_capacity_process_model,extra_trees,holdout_adsorbent,0,430,107,38,43,11,-0.1235562755596602,32.02565120336814,20.98864102580148,13.015062350109982,16.918347222222224,99.51509205272139
full_capacity_process_model,lightgbm,holdout_adsorbent,0,430,107,38,43,11,0.10010178398095837,28.66139007996943,20.39213765947768,9.031947932473628,15.00958580540399,100.0
full_capacity_process_model,lightgbm_conservative,holdout_adsorbent,0,430,107,38,43,11,0.3037913625157106,25.209849789535674,18.047458213912982,8.116115634598575,17.59578556894978,100.0
full_capacity_process_model,lightgbm_deeper,holdout_adsorbent,0,430,107,38,43,11,-0.05558713166037643,31.041850149224942,21.254471803462692,9.263719709366983,10.839646522483092,100.0
screening_safe_plus_ion,dummy_mean,holdout_adsorbent,0,430,107,38,43,11,-0.07770390106129121,31.36536038615893,27.397033474726353,8.422130487506191,73.34285380367442,73.34285380367442
screening_safe_plus_ion,xgboost,holdout_adsorbent,0,430,107,38,43,11,-0.0038596826511303473,30.271717414375345,22.654365265736963,13.206911721619383,11.1454439163208,100.0
screening_safe_plus_ion,extra_trees,holdout_adsorbent,0,430,107,38,43,11,-0.004592177591451252,30.282759712789964,22.04335304271843,12.148911267839184,6.27897222222222,99.75505277777779
screening_safe_plus_ion,lightgbm,holdout_adsorbent,0,430,107,38,43,11,-0.08629692800314359,31.490157308348042,22.590521975471457,12.63097021037616,6.416036665252632,100.0
screening_safe_plus_ion,lightgbm_conservative,holdout_adsorbent,0,430,107,38,43,11,-0.04025435619133222,30.815578562888003,21.815705142104626,12.481072584039554,7.451167506256299,100.0
screening_safe_plus_ion,lightgbm_deeper,holdout_adsorbent,0,430,107,38,43,11,-0.07966278426338125,31.39385299129581,22.815610922061406,12.434297818409926,2.959720510595545,100.0
screening_safe_plus_adsorbate_onehot,dummy_mean,holdout_adsorbent,0,430,107,38,43,11,-0.07770390106129121,31.36536038615893,27.397033474726353,8.422130487506191,73.34285380367442,73.34285380367442
screening_safe_plus_adsorbate_onehot,xgboost,holdout_adsorbent,0,430,107,38,43,11,-0.026838205054569908,30.6162195734588,22.328753190430415,12.660029332871641,12.55369758605957,100.0
screening_safe_plus_adsorbate_onehot,extra_trees,holdout_adsorbent,0,430,107,38,43,11,-0.19135578682947663,32.97777068821685,22.511289609256263,13.43574843459909,6.627402777777785,99.71994717412218
screening_safe_plus_adsorbate_onehot,lightgbm,holdout_adsorbent,0,430,107,38,43,11,-0.13610443915948012,32.20398998090834,23.594247901941774,13.431732356765437,8.215526455384607,100.0
screening_safe_plus_adsorbate_onehot,lightgbm_conservative,holdout_adsorbent,0,430,107,38,43,11,-0.04254278717995663,30.849455173760973,22.013216980599047,12.14016874659754,11.978503844326431,100.0
screening_safe_plus_adsorbate_onehot,lightgbm_deeper,holdout_adsorbent,0,430,107,38,43,11,-0.0247951050885582,30.585745861640255,22.298269514869933,12.330664474092204,6.354757737323298,100.0
screening_safe_numeric_only,dummy_mean,holdout_adsorbent,0,430,107,38,43,11,-0.07770390106129121,31.36536038615893,27.397033474726353,8.422130487506191,73.34285380367442,73.34285380367442
screening_safe_numeric_only,xgboost,holdout_adsorbent,0,430,107,38,43,11,0.2465834326864874,26.225159451477875,20.742845604787256,10.803373285086247,18.468034744262695,96.0963363647461
screening_safe_numeric_only,extra_trees,holdout_adsorbent,0,430,107,38,43,11,0.24139238144669906,26.31535023154692,22.588420148153954,7.678936821391069,39.39789146977778,93.61264066965508
screening_safe_numeric_only,lightgbm,holdout_adsorbent,0,430,107,38,43,11,0.31571713911470356,24.99299979801562,19.604464432331437,8.537648463832488,15.586827213624554,100.0
screening_safe_numeric_only,lightgbm_conservative,holdout_adsorbent,0,430,107,38,43,11,0.24752763863018035,26.208721191763907,20.77871261373856,8.712503109111523,18.412181859947086,100.0
screening_safe_numeric_only,lightgbm_deeper,holdout_adsorbent,0,430,107,38,43,11,0.2802479466123752,25.632561658996657,19.406025061551734,9.206620843542177,11.789353374023607,100.0
full_capacity_process_model,dummy_mean,random_regime,1,429,108,54,75,14,-0.00015351436656363404,28.660444276367254,24.280474896595447,-0.35507827231028494,71.59328878398601,71.59328878398601
full_capacity_process_model,xgboost,random_regime,1,429,108,54,75,14,0.7584898949995031,14.083715354762552,8.47456423368876,-0.3391781905640324,9.317122459411621,98.04887390136719
full_capacity_process_model,extra_trees,random_regime,1,429,108,54,75,14,0.7210888369223043,15.135003787467033,9.62031196011013,0.712040112794868,7.871354166666672,99.79051641414141
full_capacity_process_model,lightgbm,random_regime,1,429,108,54,75,14,0.7772623375677505,13.525284664152124,7.4659723065045895,0.4771507617054243,4.244841812958645,100.0
full_capacity_process_model,lightgbm_conservative,random_regime,1,429,108,54,75,14,0.7624115142839565,13.968902316948842,8.206196961374088,-0.05667670388872709,4.801928840339703,100.0
full_capacity_process_model,lightgbm_deeper,random_regime,1,429,108,54,75,14,0.7674128698921037,13.821094155622726,7.390228101863619,0.3322909834700225,3.3932678876797957,100.0
screening_safe_plus_ion,dummy_mean,random_regime,1,429,108,54,75,14,-0.00015351436656363404,28.660444276367254,24.280474896595447,-0.35507827231028494,71.59328878398601,71.59328878398601
screening_safe_plus_ion,xgboost,random_regime,1,429,108,54,75,14,0.6630446731377215,16.635495793715926,11.59878200776204,-0.0027644803583890707,12.641541481018066,100.0
screening_safe_plus_ion,extra_trees,random_regime,1,429,108,54,75,14,0.6593817232478777,16.72567136707973,11.178291124351501,-0.11915660027619655,11.8943228888989,99.95568287037038
screening_safe_plus_ion,lightgbm,random_regime,1,429,108,54,75,14,0.6523982367163301,16.896259501720845,11.255821701370667,1.0078381998851196,3.1659242696774657,100.0
screening_safe_plus_ion,lightgbm_conservative,random_regime,1,429,108,54,75,14,0.6462243293218244,17.045650012064172,11.440722750702472,1.1948483070076006,10.327373822705248,100.0
screening_safe_plus_ion,lightgbm_deeper,random_regime,1,429,108,54,75,14,0.6669621849923325,16.53850922727794,10.68401814863389,-0.0071942182365961165,6.726608481305146,100.0
screening_safe_plus_adsorbate_onehot,dummy_mean,random_regime,1,429,108,54,75,14,-0.00015351436656363404,28.660444276367254,24.280474896595447,-0.35507827231028494,71.59328878398601,71.59328878398601
screening_safe_plus_adsorbate_onehot,xgboost,random_regime,1,429,108,54,75,14,0.6470435424892191,17.025902873777774,11.83743190728009,-0.01941812407244641,13.043304443359375,99.89005279541016
screening_safe_plus_adsorbate_onehot,extra_trees,random_regime,1,429,108,54,75,14,0.6849525561586213,16.085611142691906,10.678271867745236,0.6972290488468043,12.247166666666677,99.9770635620915
screening_safe_plus_adsorbate_onehot,lightgbm,random_regime,1,429,108,54,75,14,0.6566355629178042,16.792959548219216,11.42656999904073,1.1999687320164394,3.5886545568438617,100.0
screening_safe_plus_adsorbate_onehot,lightgbm_conservative,random_regime,1,429,108,54,75,14,0.6523689271820988,16.89697182701636,11.371751770737278,1.0566482731907545,10.869805501947196,100.0
screening_safe_plus_adsorbate_onehot,lightgbm_deeper,random_regime,1,429,108,54,75,14,0.6881036564776261,16.00496494663341,10.4676624429938,0.3537507966979996,2.0305527862261132,100.0
screening_safe_numeric_only,dummy_mean,random_regime,1,429,108,54,75,14,-0.00015351436656363404,28.660444276367254,24.280474896595447,-0.35507827231028494,71.59328878398601,71.59328878398601
screening_safe_numeric_only,xgboost,random_regime,1,429,108,54,75,14,0.6213735803041933,17.634170802418215,12.991902721172597,0.07901561774432153,12.892732620239258,95.8410415649414
screening_safe_numeric_only,extra_trees,random_regime,1,429,108,54,75,14,0.24785862601265218,24.854173469911192,17.494864420855695,-0.2893003006058838,14.029056886586075,92.9960142677907
screening_safe_numeric_only,lightgbm,random_regime,1,429,108,54,75,14,0.633342472553172,17.353212633466832,12.250871564367047,1.3325174678873992,6.410210366633169,100.0
screening_safe_numeric_only,lightgbm_conservative,random_regime,1,429,108,54,75,14,0.4797993930086798,20.6697399595753,14.10145771427424,0.9650568670907352,9.794749180796229,99.47420316505466
screening_safe_numeric_only,lightgbm_deeper,random_regime,1,429,108,54,75,14,0.6816507625989208,16.169682505471837,10.644773181230473,0.6609991689130427,3.386385011789196,100.0
full_capacity_process_model,dummy_mean,holdout_reference,1,424,113,36,39,10,-0.11147834783247057,34.90982237518674,29.698396758006133,11.055856610793322,73.9911663453066,73.9911663453066
full_capacity_process_model,xgboost,holdout_reference,1,424,113,36,39,10,0.007205084942694673,32.993387497144994,26.18603434942465,8.73620788236635,28.751008987426758,99.03231811523438
full_capacity_process_model,extra_trees,holdout_reference,1,424,113,36,39,10,-0.2867242909365193,37.56123692336348,28.694691964939583,21.1631087519237,54.81251499351358,93.19280860235035
full_capacity_process_model,lightgbm,holdout_reference,1,424,113,36,39,10,0.24255931508480866,28.818505179983052,24.021061667633905,7.249948532101061,45.709356702234565,100.0
full_capacity_process_model,lightgbm_conservative,holdout_reference,1,424,113,36,39,10,0.25783532859016933,28.52642014023614,23.796766905409203,6.641082155778962,51.60661299804046,100.0
full_capacity_process_model,lightgbm_deeper,holdout_reference,1,424,113,36,39,10,0.20671890020571282,29.49243896144578,23.806483213828162,10.958870115213854,47.002949250600786,97.97911357535382
screening_safe_plus_ion,dummy_mean,holdout_reference,1,424,113,36,39,10,-0.11147834783247057,34.90982237518674,29.698396758006133,11.055856610793322,73.9911663453066,73.9911663453066
screening_safe_plus_ion,xgboost,holdout_reference,1,424,113,36,39,10,-0.21460189829764786,36.49338202135844,28.682201629908736,18.448841015300918,58.05731201171875,99.20279693603516
screening_safe_plus_ion,extra_trees,holdout_reference,1,424,113,36,39,10,0.1568342774345407,30.405602042897126,25.602932923600022,8.276612947600523,46.7739588190371,95.54718612999002
screening_safe_plus_ion,lightgbm,holdout_reference,1,424,113,36,39,10,-0.29306343551931224,37.653647384356894,29.63211129523595,20.43849652561175,41.688779524051434,98.80465003318434
screening_safe_plus_ion,lightgbm_conservative,holdout_reference,1,424,113,36,39,10,-0.36055425279221365,38.6238060629308,29.986471027005848,21.51138334067966,50.92072651487241,99.12878259088164
screening_safe_plus_ion,lightgbm_deeper,holdout_reference,1,424,113,36,39,10,-0.3488216025620523,38.4569105534894,30.366586354461308,18.91318433357085,48.33129327205949,99.71283129470685
screening_safe_plus_adsorbate_onehot,dummy_mean,holdout_reference,1,424,113,36,39,10,-0.11147834783247057,34.90982237518674,29.698396758006133,11.055856610793322,73.9911663453066,73.9911663453066
screening_safe_plus_adsorbate_onehot,xgboost,holdout_reference,1,424,113,36,39,10,-0.3948392918481507,39.10742508388542,30.405855824968455,20.203909060047792,54.3537483215332,96.76742553710938
screening_safe_plus_adsorbate_onehot,extra_trees,holdout_reference,1,424,113,36,39,10,-0.32618147290160926,38.13279281981539,29.796093194626096,20.964330129317652,63.08810354559086,93.75502783142105
screening_safe_plus_adsorbate_onehot,lightgbm,holdout_reference,1,424,113,36,39,10,-0.723359190578555,43.46953934855171,33.03707483130664,26.632236453551627,39.25323076194254,100.0
screening_safe_plus_adsorbate_onehot,lightgbm_conservative,holdout_reference,1,424,113,36,39,10,-0.7361647488099619,43.630742388311035,33.06959325805127,27.067753454722908,44.76023615787517,100.0
screening_safe_plus_adsorbate_onehot,lightgbm_deeper,holdout_reference,1,424,113,36,39,10,-0.5615648807892788,41.378729539545155,32.39729131113523,21.49709713671759,27.186245279683654,100.0
screening_safe_numeric_only,dummy_mean,holdout_reference,1,424,113,36,39,10,-0.11147834783247057,34.90982237518674,29.698396758006133,11.055856610793322,73.9911663453066,73.9911663453066
screening_safe_numeric_only,xgboost,holdout_reference,1,424,113,36,39,10,-0.32131508383179574,38.062764864285484,29.3287579035126,20.588896815207153,56.046607971191406,94.07141876220703
screening_safe_numeric_only,extra_trees,holdout_reference,1,424,113,36,39,10,0.11992028217041595,31.06405467149175,25.140559069233,13.60742405105164,32.98855624306945,92.99996966348951
screening_safe_numeric_only,lightgbm,holdout_reference,1,424,113,36,39,10,-0.6414562746585519,42.424017658076785,31.762494996014116,26.839817886478947,69.41407217524467,100.0
screening_safe_numeric_only,lightgbm_conservative,holdout_reference,1,424,113,36,39,10,-0.8276849039026863,44.76594924985786,33.23623322219932,27.964366009291258,68.31052345081692,100.0
screening_safe_numeric_only,lightgbm_deeper,holdout_reference,1,424,113,36,39,10,-0.5623320458966377,41.38889255614564,32.01953996026342,24.0794563448787,55.63087938660214,100.0
full_capacity_process_model,dummy_mean,holdout_adsorbent,1,449,88,39,43,15,-0.005308965076176175,29.198167985803625,26.647418560652458,-2.1218308493586773,71.3169896008686,71.3169896008686
full_capacity_process_model,xgboost,holdout_adsorbent,1,449,88,39,43,15,0.6958251130362478,16.060812158872025,12.377308507077748,-0.4690017281092418,30.094663619995117,98.57182312011719
full_capacity_process_model,extra_trees,holdout_adsorbent,1,449,88,39,43,15,0.5882338869557968,18.686636022759508,14.82633749013789,1.2598084264493534,36.68100021404241,99.29998071895419
full_capacity_process_model,lightgbm,holdout_adsorbent,1,449,88,39,43,15,0.7136478802210933,15.58317781585946,11.138415165592919,-2.015003516344781,25.269053438414026,100.0
full_capacity_process_model,lightgbm_conservative,holdout_adsorbent,1,449,88,39,43,15,0.733255436780416,15.040200066250389,11.007369145212085,-0.09182765267340995,31.56008345359838,100.0
full_capacity_process_model,lightgbm_deeper,holdout_adsorbent,1,449,88,39,43,15,0.7290716285303712,15.157691660975644,10.320609975896035,-1.5861085746550911,22.46400397169479,100.0
screening_safe_plus_ion,dummy_mean,holdout_adsorbent,1,449,88,39,43,15,-0.005308965076176175,29.198167985803625,26.647418560652458,-2.1218308493586773,71.3169896008686,71.3169896008686
screening_safe_plus_ion,xgboost,holdout_adsorbent,1,449,88,39,43,15,0.5691880995815248,19.11391590064186,15.296124135476298,1.365658715283425,43.24576187133789,97.99913024902344
screening_safe_plus_ion,extra_trees,holdout_adsorbent,1,449,88,39,43,15,0.626112693868343,17.806402475400752,14.661034358026244,1.8834175800605661,39.45924707671957,97.25085445665437
screening_safe_plus_ion,lightgbm,holdout_adsorbent,1,449,88,39,43,15,0.5467879169162984,19.6045358768886,14.496227954989417,1.9465797927077053,35.042481686597384,100.0
screening_safe_plus_ion,lightgbm_conservative,holdout_adsorbent,1,449,88,39,43,15,0.5333403681373852,19.89325923867142,15.01915342056384,3.2977921914121398,37.80737629735139,100.0
screening_safe_plus_ion,lightgbm_deeper,holdout_adsorbent,1,449,88,39,43,15,0.519097846905977,20.194550267050918,15.367702530353313,2.3366945731707296,39.54883473916819,100.0
screening_safe_plus_adsorbate_onehot,dummy_mean,holdout_adsorbent,1,449,88,39,43,15,-0.005308965076176175,29.198167985803625,26.647418560652458,-2.1218308493586773,71.3169896008686,71.3169896008686
screening_safe_plus_adsorbate_onehot,xgboost,holdout_adsorbent,1,449,88,39,43,15,0.5799959513250096,18.87263599453794,15.074850734042524,1.5944209951407138,37.750030517578125,100.0
screening_safe_plus_adsorbate_onehot,extra_trees,holdout_adsorbent,1,449,88,39,43,15,0.5897840605562896,18.651428117299236,14.579921204352848,1.7277379221555087,36.70218299733337,99.53372916666653
screening_safe_plus_adsorbate_onehot,lightgbm,holdout_adsorbent,1,449,88,39,43,15,0.6108411121832771,18.166417959414527,13.882587910848459,0.6133279199814212,34.00643871831625,100.0
screening_safe_plus_adsorbate_onehot,lightgbm_conservative,holdout_adsorbent,1,449,88,39,43,15,0.5925902168198234,18.58752441128703,14.283530048073233,3.2347161191312144,41.57439884419596,100.0
screening_safe_plus_adsorbate_onehot,lightgbm_deeper,holdout_adsorbent,1,449,88,39,43,15,0.581831194020991,18.831358075384582,14.758492162732368,1.351492003387875,33.106027422611106,100.0
screening_safe_numeric_only,dummy_mean,holdout_adsorbent,1,449,88,39,43,15,-0.005308965076176175,29.198167985803625,26.647418560652458,-2.1218308493586773,71.3169896008686,71.3169896008686
screening_safe_numeric_only,xgboost,holdout_adsorbent,1,449,88,39,43,15,0.5777874544491142,18.922189695166335,15.120585214120096,1.17781795011064,47.0212287902832,96.82666015625
screening_safe_numeric_only,extra_trees,holdout_adsorbent,1,449,88,39,43,15,0.6635282524230837,16.891963215752323,13.90707110512181,1.5293217084514106,38.67300569984001,91.08118192988991
screening_safe_numeric_only,lightgbm,holdout_adsorbent,1,449,88,39,43,15,0.5990456477473418,18.439676222191995,14.194197377950065,1.5387660071873155,38.673755058880126,100.0
screening_safe_numeric_only,lightgbm_conservative,holdout_adsorbent,1,449,88,39,43,15,0.5713590731052036,19.065695070976663,14.194532729339493,1.283973622066113,41.87607784721135,100.0
screening_safe_numeric_only,lightgbm_deeper,holdout_adsorbent,1,449,88,39,43,15,0.6365523691548496,17.556047460471998,13.46202998636049,1.5157954363180144,37.40945473711812,100.0
full_capacity_process_model,dummy_mean,random_regime,2,429,108,50,71,11,-0.016401821792529914,31.621388681388115,26.736831393733922,4.016930016925674,72.47257536729605,72.47257536729605
full_capacity_process_model,xgboost,random_regime,2,429,108,50,71,11,0.829982102865451,12.932888733560496,8.052023478323523,0.6949006705612971,7.722640037536621,98.6827163696289
full_capacity_process_model,extra_trees,random_regime,2,429,108,50,71,11,0.8209444027252522,13.272177212683046,8.48750750392438,2.256984850664803,4.903055555555551,100.0
full_capacity_process_model,lightgbm,random_regime,2,429,108,50,71,11,0.8410801022417511,12.503665864958418,7.745273867029828,0.9593174834090377,7.714095796934539,100.0
full_capacity_process_model,lightgbm_conservative,random_regime,2,429,108,50,71,11,0.815524687348615,13.47154321390242,8.540312474431316,1.217485341916166,8.729230464274504,100.0
full_capacity_process_model,lightgbm_deeper,random_regime,2,429,108,50,71,11,0.8464679489818983,12.289882956272105,7.303704257330486,0.622624731886213,6.294352974637805,100.0
screening_safe_plus_ion,dummy_mean,random_regime,2,429,108,50,71,11,-0.016401821792529914,31.621388681388115,26.736831393733922,4.016930016925674,72.47257536729605,72.47257536729605
screening_safe_plus_ion,xgboost,random_regime,2,429,108,50,71,11,0.7979893090983121,14.097282345340906,9.752720767785103,1.7366728595250105,8.86809253692627,100.0
screening_safe_plus_ion,extra_trees,random_regime,2,429,108,50,71,11,0.799713726627183,14.036984294752864,9.336309349813256,2.410933595323578,10.535196829710152,99.99047982549858
screening_safe_plus_ion,lightgbm,random_regime,2,429,108,50,71,11,0.7765649994382917,14.825994125100006,9.727832908449601,2.044144842502922,3.0087635009796925,100.0
screening_safe_plus_ion,lightgbm_conservative,random_regime,2,429,108,50,71,11,0.764673621242189,15.215405356561574,10.700856323035842,1.7739875106874634,9.33993419831205,100.0
screening_safe_plus_ion,lightgbm_deeper,random_regime,2,429,108,50,71,11,0.7876789298861346,14.452559574402045,9.18959928984831,2.122368696779821,2.338868602383762,100.0
screening_safe_plus_adsorbate_onehot,dummy_mean,random_regime,2,429,108,50,71,11,-0.016401821792529914,31.621388681388115,26.736831393733922,4.016930016925674,72.47257536729605,72.47257536729605
screening_safe_plus_adsorbate_onehot,xgboost,random_regime,2,429,108,50,71,11,0.801271253959716,13.982298427314552,9.740132454011276,2.010283733983606,8.698209762573242,100.0
screening_safe_plus_adsorbate_onehot,extra_trees,random_regime,2,429,108,50,71,11,0.7793618306713315,14.732910268134225,9.832164678599948,3.136084462947839,10.581220833333342,99.97464124066292
screening_safe_plus_adsorbate_onehot,lightgbm,random_regime,2,429,108,50,71,11,0.7904718857208481,14.357187536172209,9.490113748905344,2.000274035243217,3.200686014480142,100.0
screening_safe_plus_adsorbate_onehot,lightgbm_conservative,random_regime,2,429,108,50,71,11,0.7556074643278071,15.505729013505466,10.7873786469838,1.8840787717228673,11.854597095541061,100.0
screening_safe_plus_adsorbate_onehot,lightgbm_deeper,random_regime,2,429,108,50,71,11,0.7974803129382901,14.11503127813495,9.127464385585881,1.7990056578655926,1.0351333607637927,100.0
screening_safe_numeric_only,dummy_mean,random_regime,2,429,108,50,71,11,-0.016401821792529914,31.621388681388115,26.736831393733922,4.016930016925674,72.47257536729605,72.47257536729605
screening_safe_numeric_only,xgboost,random_regime,2,429,108,50,71,11,0.7397212686044451,16.0017529725306,11.333147752324841,3.1115478178105898,7.002686023712158,97.29559326171875
screening_safe_numeric_only,extra_trees,random_regime,2,429,108,50,71,11,0.5064498998134983,22.035040001216355,15.566070897040731,2.419110983471912,10.37184722222223,97.13307096373372
screening_safe_numeric_only,lightgbm,random_regime,2,429,108,50,71,11,0.5355271007407199,21.37609695504783,14.389812578515508,2.1958712613656237,4.5912982248482646,100.0
screening_safe_numeric_only,lightgbm_conservative,random_regime,2,429,108,50,71,11,0.5110724564218829,21.93160790537984,15.43056856765612,0.7999436660049724,12.118895992272815,100.0
screening_safe_numeric_only,lightgbm_deeper,random_regime,2,429,108,50,71,11,0.7783320276652499,14.767252315889642,9.785532463368638,2.3746261979281886,0.8549993174433624,100.0
full_capacity_process_model,dummy_mean,holdout_reference,2,399,138,36,42,9,-0.23074992421067075,35.59872440754811,29.602225763819874,15.414175914047615,75.62588604571428,75.62588604571428
full_capacity_process_model,xgboost,holdout_reference,2,399,138,36,42,9,0.2400352774744443,27.97346366852866,21.909352017015117,10.713011185348165,34.155696868896484,98.09355163574219
full_capacity_process_model,extra_trees,holdout_reference,2,399,138,36,42,9,-0.22101464300334595,35.45765121190753,26.16000676986519,20.166631936708516,40.96649494304935,93.89834900432795
full_capacity_process_model,lightgbm,holdout_reference,2,399,138,36,42,9,0.26741977380611115,27.46484317523169,21.924777252796765,9.450825671224448,29.501521043750834,100.0
full_capacity_process_model,lightgbm_conservative,holdout_reference,2,399,138,36,42,9,0.2925055178782249,26.990507837581873,21.824698385271642,6.674138380139435,32.588989269025966,100.0
full_capacity_process_model,lightgbm_deeper,holdout_reference,2,399,138,36,42,9,0.44147931470151225,23.981103234159484,18.99941173694805,8.992641182223784,26.89773849809659,100.0
screening_safe_plus_ion,dummy_mean,holdout_reference,2,399,138,36,42,9,-0.23074992421067075,35.59872440754811,29.602225763819874,15.414175914047615,75.62588604571428,75.62588604571428
screening_safe_plus_ion,xgboost,holdout_reference,2,399,138,36,42,9,-0.4846298601315293,39.098367386707864,28.834214425286532,20.089396887951274,36.90276336669922,97.27308654785156
screening_safe_plus_ion,extra_trees,holdout_reference,2,399,138,36,42,9,-0.11806247427382921,33.92989871614594,26.997140320213212,15.99935493568228,36.94209675925924,93.89138121349272
screening_safe_plus_ion,lightgbm,holdout_reference,2,399,138,36,42,9,-0.5455408283619327,39.892363589214575,29.894027293046456,17.915246717777976,18.995925126561524,100.0
screening_safe_plus_ion,lightgbm_conservative,holdout_reference,2,399,138,36,42,9,-0.23419788923631213,35.64855472148721,27.379552062779446,14.280015260176993,27.148605969501872,100.0
screening_safe_plus_ion,lightgbm_deeper,holdout_reference,2,399,138,36,42,9,-0.5530812916847183,39.98955963000452,30.397542572679406,17.796810761254005,22.46659706255834,100.0
screening_safe_plus_adsorbate_onehot,dummy_mean,holdout_reference,2,399,138,36,42,9,-0.23074992421067075,35.59872440754811,29.602225763819874,15.414175914047615,75.62588604571428,75.62588604571428
screening_safe_plus_adsorbate_onehot,xgboost,holdout_reference,2,399,138,36,42,9,-0.41872462653930675,38.2206951123946,28.70535001011181,18.097174806891278,37.349727630615234,96.5323486328125
screening_safe_plus_adsorbate_onehot,extra_trees,holdout_reference,2,399,138,36,42,9,-0.5213592799628943,39.57905507610675,29.28351030396069,21.864063078011153,37.98437037037038,95.06180749017709
screening_safe_plus_adsorbate_onehot,lightgbm,holdout_reference,2,399,138,36,42,9,-0.7091816285816968,41.95112730003264,31.267481091504546,19.63947809282132,18.379962712819598,100.0
screening_safe_plus_adsorbate_onehot,lightgbm_conservative,holdout_reference,2,399,138,36,42,9,-0.4610967721731045,38.78725257197074,28.750892246995896,18.672111361042177,31.51521301063321,100.0
screening_safe_plus_adsorbate_onehot,lightgbm_deeper,holdout_reference,2,399,138,36,42,9,-0.5214046472956972,39.579645200609626,29.917612211006006,18.73265442232997,32.197106900895456,100.0
screening_safe_numeric_only,dummy_mean,holdout_reference,2,399,138,36,42,9,-0.23074992421067075,35.59872440754811,29.602225763819874,15.414175914047615,75.62588604571428,75.62588604571428
screening_safe_numeric_only,xgboost,holdout_reference,2,399,138,36,42,9,-0.2832815396008863,36.35050937546315,27.94571602502682,16.02025876185441,36.95926284790039,95.24205780029297
screening_safe_numeric_only,extra_trees,holdout_reference,2,399,138,36,42,9,0.1646710922219401,29.327718767885614,23.996218575860038,6.41856722399026,39.70847685185186,91.26165298679138
screening_safe_numeric_only,lightgbm,holdout_reference,2,399,138,36,42,9,-0.3051065899137495,36.6583166952019,28.866899682025387,12.99612178563963,28.325397398324927,100.0
screening_safe_numeric_only,lightgbm_conservative,holdout_reference,2,399,138,36,42,9,-0.4065334206675304,38.05612417403142,29.006649012842313,16.284607547261785,27.26312079949707,100.0
screening_safe_numeric_only,lightgbm_deeper,holdout_reference,2,399,138,36,42,9,-0.27444775403083366,36.22517946148814,28.193449719241464,13.356083164245034,29.13090196506038,100.0
full_capacity_process_model,dummy_mean,holdout_adsorbent,2,451,86,38,43,10,-0.00847698093843996,29.324141511759098,26.48791626062677,-2.6885177934685247,71.23413780292682,71.23413780292682
full_capacity_process_model,xgboost,holdout_adsorbent,2,451,86,38,43,10,0.7396453249017113,14.899613474678379,8.731621940297227,-0.4010964577646373,28.28026580810547,98.96199035644531
full_capacity_process_model,extra_trees,holdout_adsorbent,2,451,86,38,43,10,0.7583442339171034,14.354593316937338,9.028915386185474,0.08907379774566238,25.26127906112689,99.79229482323235
full_capacity_process_model,lightgbm,holdout_adsorbent,2,451,86,38,43,10,0.7331534366623621,15.084229063511268,8.835625839731215,0.7442173663192084,27.780962272103768,100.0
full_capacity_process_model,lightgbm_conservative,holdout_adsorbent,2,451,86,38,43,10,0.7546913883117174,14.46267773497122,8.556445894510373,0.11865474559162092,26.019374128943124,100.0
full_capacity_process_model,lightgbm_deeper,holdout_adsorbent,2,451,86,38,43,10,0.7137271225099406,15.62364683990057,9.15726760357287,0.09809065160454325,24.837649924413984,100.0
screening_safe_plus_ion,dummy_mean,holdout_adsorbent,2,451,86,38,43,10,-0.00847698093843996,29.324141511759098,26.48791626062677,-2.6885177934685247,71.23413780292682,71.23413780292682
screening_safe_plus_ion,xgboost,holdout_adsorbent,2,451,86,38,43,10,0.6949971758864473,16.126653032704297,10.74633032177263,-2.1062463079446205,16.030555725097656,100.0
screening_safe_plus_ion,extra_trees,holdout_adsorbent,2,451,86,38,43,10,0.6312221596298451,17.732694013576673,12.22119252227416,-2.4679591276205217,5.200680555555564,99.81005638528137
screening_safe_plus_ion,lightgbm,holdout_adsorbent,2,451,86,38,43,10,0.6741955531418685,16.66751350327779,11.294604568163635,-2.057864994732448,8.970907246605169,100.0
screening_safe_plus_ion,lightgbm_conservative,holdout_adsorbent,2,451,86,38,43,10,0.6397326766870329,17.526885449824512,11.872814773841203,-2.5928002775714805,9.506579460066188,100.0
screening_safe_plus_ion,lightgbm_deeper,holdout_adsorbent,2,451,86,38,43,10,0.6363934654295844,17.607923861179398,12.323992977403062,-2.054301738535449,6.853614658153797,100.0
screening_safe_plus_adsorbate_onehot,dummy_mean,holdout_adsorbent,2,451,86,38,43,10,-0.00847698093843996,29.324141511759098,26.48791626062677,-2.6885177934685247,71.23413780292682,71.23413780292682
screening_safe_plus_adsorbate_onehot,xgboost,holdout_adsorbent,2,451,86,38,43,10,0.6692657617370051,16.793139279321704,11.151583733886264,-2.255939131665153,15.159862518310547,100.0
screening_safe_plus_adsorbate_onehot,extra_trees,holdout_adsorbent,2,451,86,38,43,10,0.6212643293643024,17.970510601677677,12.465883519522242,-2.680408771399847,3.236666666666674,99.82328273809524
screening_safe_plus_adsorbate_onehot,lightgbm,holdout_adsorbent,2,451,86,38,43,10,0.6734253796838243,16.687202152824007,11.214676560894048,-2.2552901094178366,11.41876994403699,100.0
screening_safe_plus_adsorbate_onehot,lightgbm_conservative,holdout_adsorbent,2,451,86,38,43,10,0.6810262935996398,16.491864360746696,10.988493749490456,-1.5032588338692319,12.016222317661484,100.0
screening_safe_plus_adsorbate_onehot,lightgbm_deeper,holdout_adsorbent,2,451,86,38,43,10,0.6425551908944587,17.458093258090138,12.276889139652061,-1.9157957629618516,9.753167418881489,100.0
screening_safe_numeric_only,dummy_mean,holdout_adsorbent,2,451,86,38,43,10,-0.00847698093843996,29.324141511759098,26.48791626062677,-2.6885177934685247,71.23413780292682,71.23413780292682
screening_safe_numeric_only,xgboost,holdout_adsorbent,2,451,86,38,43,10,0.6832038269518624,16.435475568597344,11.17560880549612,-1.5405453111908387,17.473234176635742,95.82650756835938
screening_safe_numeric_only,extra_trees,holdout_adsorbent,2,451,86,38,43,10,0.31492648128503364,24.16912356187413,19.782359710896504,0.24295922495902866,33.357457134516736,92.59244904237481
screening_safe_numeric_only,lightgbm,holdout_adsorbent,2,451,86,38,43,10,0.5142445083893399,20.351722456768123,14.233100553319396,-2.1565318994455605,14.519660206624796,100.0
screening_safe_numeric_only,lightgbm_conservative,holdout_adsorbent,2,451,86,38,43,10,0.457908778053452,21.499506896696374,14.694505339542728,-3.0622002608801253,13.328082185988457,99.91233534025366
screening_safe_numeric_only,lightgbm_deeper,holdout_adsorbent,2,451,86,38,43,10,0.6557141480830183,17.13372925340173,11.645954543461492,-1.6022972872116825,12.160293328657941,100.0
full_capacity_process_model,dummy_mean,random_regime,3,429,108,52,73,13,-0.031300744090831056,28.19480560697027,23.97962283099478,-4.911948107206033,70.676823342331,70.676823342331
full_capacity_process_model,xgboost,random_regime,3,429,108,52,73,13,0.8311740234167254,11.407647014255494,8.089793459911025,-0.8957885286431205,7.134073257446289,98.51683807373047
full_capacity_process_model,extra_trees,random_regime,3,429,108,52,73,13,0.8116460859196512,12.049354001115812,8.412601853635888,-1.095479863715923,4.248305555555554,99.80636613756616
full_capacity_process_model,lightgbm,random_regime,3,429,108,52,73,13,0.8259835298187116,11.581681475050805,8.005200759801324,0.24856157117255157,3.998975165270727,100.0
full_capacity_process_model,lightgbm_conservative,random_regime,3,429,108,52,73,13,0.8295849628663459,11.461208042068586,8.227760825889895,0.4894703170756666,3.843600225177661,100.0
full_capacity_process_model,lightgbm_deeper,random_regime,3,429,108,52,73,13,0.8320949662257636,11.376490206705418,7.679697136587407,0.49243301490928326,5.053340603497435,100.0
screening_safe_plus_ion,dummy_mean,random_regime,3,429,108,52,73,13,-0.031300744090831056,28.19480560697027,23.97962283099478,-4.911948107206033,70.676823342331,70.676823342331
screening_safe_plus_ion,xgboost,random_regime,3,429,108,52,73,13,0.7460274722633691,13.991678255392188,10.700063979649885,-1.2407636116057217,8.449033737182617,100.0
screening_safe_plus_ion,extra_trees,random_regime,3,429,108,52,73,13,0.7354849502049154,14.279126214611802,10.595352222926582,-1.8163910673260497,7.097946230158732,99.85946793495177
screening_safe_plus_ion,lightgbm,random_regime,3,429,108,52,73,13,0.7280974019936601,14.477151449846563,10.747190875156152,-1.2541652123146578,4.322359466657942,100.0
screening_safe_plus_ion,lightgbm_conservative,random_regime,3,429,108,52,73,13,0.7241977768960779,14.580597465560317,10.863435049292026,-1.7489597009703812,4.187942290260011,100.0
screening_safe_plus_ion,lightgbm_deeper,random_regime,3,429,108,52,73,13,0.7278125297674871,14.484733316925853,10.381939299532943,-0.8423798424127755,1.0000931094363548,100.0
screening_safe_plus_adsorbate_onehot,dummy_mean,random_regime,3,429,108,52,73,13,-0.031300744090831056,28.19480560697027,23.97962283099478,-4.911948107206033,70.676823342331,70.676823342331
screening_safe_plus_adsorbate_onehot,xgboost,random_regime,3,429,108,52,73,13,0.7446738931622218,14.028913928515932,10.52258685564764,-1.6232045539108273,6.901487827301025,100.0
screening_safe_plus_adsorbate_onehot,extra_trees,random_regime,3,429,108,52,73,13,0.7398018963609718,14.162127585746791,10.474398613986946,-1.3597599646107108,7.1132916666666715,99.88308185425686
screening_safe_plus_adsorbate_onehot,lightgbm,random_regime,3,429,108,52,73,13,0.7203734577647551,14.681337931931756,10.680679479392449,-0.7222126390434608,5.231915034631464,100.0
screening_safe_plus_adsorbate_onehot,lightgbm_conservative,random_regime,3,429,108,52,73,13,0.7227670535176285,14.618366954028637,10.855400675026878,-1.4563232780285873,6.159759242264878,100.0
screening_safe_plus_adsorbate_onehot,lightgbm_deeper,random_regime,3,429,108,52,73,13,0.7174845966414668,14.756980548494877,10.57784774105356,-0.4175099113042102,0.21258287335865825,100.0
screening_safe_numeric_only,dummy_mean,random_regime,3,429,108,52,73,13,-0.031300744090831056,28.19480560697027,23.97962283099478,-4.911948107206033,70.676823342331,70.676823342331
screening_safe_numeric_only,xgboost,random_regime,3,429,108,52,73,13,0.6949147323697529,15.335115709615264,11.555658743806445,-0.7714589175359655,8.412827491760254,100.0
screening_safe_numeric_only,extra_trees,random_regime,3,429,108,52,73,13,0.5095625474453672,19.443222811992094,14.550251682966794,-0.6752241177685444,7.481873028113427,95.19607638888881
screening_safe_numeric_only,lightgbm,random_regime,3,429,108,52,73,13,0.7228868197240229,14.615209004181322,10.82994197808658,-1.4673638582575552,7.736886236770631,98.54838579558441
screening_safe_numeric_only,lightgbm_conservative,random_regime,3,429,108,52,73,13,0.6509372126534536,16.403186216560393,12.130594874355465,-1.838360864698922,10.464503958415987,100.0
screening_safe_numeric_only,lightgbm_deeper,random_regime,3,429,108,52,73,13,0.6838977315107384,15.609545046080104,10.997933179545146,-0.9584130224370506,0.0,100.0
full_capacity_process_model,dummy_mean,holdout_reference,3,431,106,36,47,13,-0.032895274726762125,26.990794382257125,24.035101181521476,-4.816751932623343,70.713908427471,70.713908427471
full_capacity_process_model,xgboost,holdout_reference,3,431,106,36,47,13,0.2229379068572206,23.41075301829576,18.31122128905872,2.025162444194705,42.69301223754883,96.97493743896484
full_capacity_process_model,extra_trees,holdout_reference,3,431,106,36,47,13,0.021098585231224654,26.27586364573788,20.2555475998188,5.800345399296251,51.73807603842256,97.47061388888886
full_capacity_process_model,lightgbm,holdout_reference,3,431,106,36,47,13,0.4085425964017272,20.424397665582614,16.5940128578413,1.2236231841229985,46.1618675554483,100.0
full_capacity_process_model,lightgbm_conservative,holdout_reference,3,431,106,36,47,13,0.18769705060917752,23.935722239487564,19.22768237286231,2.477190779814896,40.73811655576128,100.0
full_capacity_process_model,lightgbm_deeper,holdout_reference,3,431,106,36,47,13,0.5048206843249929,18.688255760623914,14.655436323750504,0.2753860561871525,40.56562336040026,100.0
screening_safe_plus_ion,dummy_mean,holdout_reference,3,431,106,36,47,13,-0.032895274726762125,26.990794382257125,24.035101181521476,-4.816751932623343,70.713908427471,70.713908427471
screening_safe_plus_ion,xgboost,holdout_reference,3,431,106,36,47,13,0.31716033170122726,21.945571382291714,16.726426834730155,2.3963161497196532,46.307777404785156,99.88775634765625
screening_safe_plus_ion,extra_trees,holdout_reference,3,431,106,36,47,13,0.10530219298540622,25.12035125733608,18.836485772704968,5.003038342998913,50.27209656830326,94.36036170445452
screening_safe_plus_ion,lightgbm,holdout_reference,3,431,106,36,47,13,0.31935800805788694,21.91022770361896,16.59334104400953,0.40729273471614286,42.410095667556476,100.0
screening_safe_plus_ion,lightgbm_conservative,holdout_reference,3,431,106,36,47,13,0.2821432266756906,22.501238485450905,17.325231112521752,2.530618848615257,53.4914652110499,100.0
screening_safe_plus_ion,lightgbm_deeper,holdout_reference,3,431,106,36,47,13,0.33361008527635827,21.679623177927127,16.28848593168063,0.46363518508734586,46.710748757122914,100.0
screening_safe_plus_adsorbate_onehot,dummy_mean,holdout_reference,3,431,106,36,47,13,-0.032895274726762125,26.990794382257125,24.035101181521476,-4.816751932623343,70.713908427471,70.713908427471
screening_safe_plus_adsorbate_onehot,xgboost,holdout_reference,3,431,106,36,47,13,0.3304689045960606,21.73065902781309,16.46773556811247,1.819305941013967,54.943241119384766,98.44285583496094
screening_safe_plus_adsorbate_onehot,extra_trees,holdout_reference,3,431,106,36,47,13,0.12672403924079179,24.81779963670671,18.652981618088162,4.989204800176066,52.791697047494885,95.13613035714283
screening_safe_plus_adsorbate_onehot,lightgbm,holdout_reference,3,431,106,36,47,13,0.39426244824335854,20.66949044790698,16.03356011946487,1.4985760674855502,49.103723262963605,100.0
screening_safe_plus_adsorbate_onehot,lightgbm_conservative,holdout_reference,3,431,106,36,47,13,0.2982753497140991,22.246970954181318,16.9583046702688,2.907855877683277,50.11704102804309,100.0
screening_safe_plus_adsorbate_onehot,lightgbm_deeper,holdout_reference,3,431,106,36,47,13,0.3741348228696685,21.010090133945067,16.221409063184836,0.8670871783315661,49.61961250001191,100.0
screening_safe_numeric_only,dummy_mean,holdout_reference,3,431,106,36,47,13,-0.032895274726762125,26.990794382257125,24.035101181521476,-4.816751932623343,70.713908427471,70.713908427471
screening_safe_numeric_only,xgboost,holdout_reference,3,431,106,36,47,13,0.455494625451788,19.59695551710805,15.299890883670585,-1.09095668865695,43.3675651550293,100.0
screening_safe_numeric_only,extra_trees,holdout_reference,3,431,106,36,47,13,0.47887464607144914,19.171611643012085,14.168700119492208,-4.371268961760394,35.63392222222226,91.83495368999624
screening_safe_numeric_only,lightgbm,holdout_reference,3,431,106,36,47,13,0.4299151961760749,20.05197958191156,15.389299611055787,-1.0365596645993438,36.573437269100246,100.0
screening_safe_numeric_only,lightgbm_conservative,holdout_reference,3,431,106,36,47,13,0.42017700516779655,20.222518379292108,15.25256420519462,-0.4056300277541245,35.521149654750566,100.0
screening_safe_numeric_only,lightgbm_deeper,holdout_reference,3,431,106,36,47,13,0.3148550026867667,21.982585293551384,16.562172941614772,-1.7967682775795424,39.43048406340876,100.0
full_capacity_process_model,dummy_mean,holdout_adsorbent,3,427,110,42,43,11,-0.009549382099708792,26.472445837433085,22.921671232933786,-2.5746483476108084,71.1373057954801,71.1373057954801
full_capacity_process_model,xgboost,holdout_adsorbent,3,427,110,42,43,11,0.22705915846083158,23.163458972262962,14.44185439297137,2.3410338919377223,18.847591400146484,99.68783569335938
full_capacity_process_model,extra_trees,holdout_adsorbent,3,427,110,42,43,11,0.015194592861553669,26.146014457222364,16.001033202813684,3.2904595912170653,13.504166124566666,99.96145
full_capacity_process_model,lightgbm,holdout_adsorbent,3,427,110,42,43,11,0.18496405703632668,23.785849437078426,14.43433259708225,3.337736688824057,9.940096762292677,100.0
full_capacity_process_model,lightgbm_conservative,holdout_adsorbent,3,427,110,42,43,11,0.35379981689830975,21.17940831433524,12.981356462306183,2.1836165152150757,12.755975450701058,100.0
full_capacity_process_model,lightgbm_deeper,holdout_adsorbent,3,427,110,42,43,11,0.1366910604851399,24.480112187963194,14.557518710624242,4.036838948719327,11.141615332810037,100.0
screening_safe_plus_ion,dummy_mean,holdout_adsorbent,3,427,110,42,43,11,-0.009549382099708792,26.472445837433085,22.921671232933786,-2.5746483476108084,71.1373057954801,71.1373057954801
screening_safe_plus_ion,xgboost,holdout_adsorbent,3,427,110,42,43,11,-0.014575065318576774,26.53825587321039,17.53996622033865,1.0205344024135743,16.542903900146484,100.0
screening_safe_plus_ion,extra_trees,holdout_adsorbent,3,427,110,42,43,11,0.05304786931977856,25.63859945494256,16.259932829199666,3.304729056099962,14.424708333333333,99.94824305555557
screening_safe_plus_ion,lightgbm,holdout_adsorbent,3,427,110,42,43,11,-0.08036272142594258,27.385147210454594,18.374570197611824,2.061721349363996,11.555439751352989,100.0
screening_safe_plus_ion,lightgbm_conservative,holdout_adsorbent,3,427,110,42,43,11,0.01632995174503793,26.130938549678934,17.18609386052724,3.2821113907362958,15.311033806826613,100.0
screening_safe_plus_ion,lightgbm_deeper,holdout_adsorbent,3,427,110,42,43,11,-0.10801614293460093,27.73341360801238,18.170983983123367,3.545748313876437,10.343849360011227,100.0
screening_safe_plus_adsorbate_onehot,dummy_mean,holdout_adsorbent,3,427,110,42,43,11,-0.009549382099708792,26.472445837433085,22.921671232933786,-2.5746483476108084,71.1373057954801,71.1373057954801
screening_safe_plus_adsorbate_onehot,xgboost,holdout_adsorbent,3,427,110,42,43,11,-0.005289283466644257,26.41653254765217,17.232398073976917,1.5543861820045275,16.04993438720703,99.87876892089844
screening_safe_plus_adsorbate_onehot,extra_trees,holdout_adsorbent,3,427,110,42,43,11,-0.09422852077691468,27.560322800131864,17.53543320864669,2.800271699406042,13.832049999999988,99.95513333333334
screening_safe_plus_adsorbate_onehot,lightgbm,holdout_adsorbent,3,427,110,42,43,11,-0.09603449997197111,27.58305701348251,18.367371828054363,2.647737330832438,11.924007397453334,100.0
screening_safe_plus_adsorbate_onehot,lightgbm_conservative,holdout_adsorbent,3,427,110,42,43,11,0.10004553067729971,24.994275572721318,16.90614393193815,2.243615657756849,15.930971946636292,100.0
screening_safe_plus_adsorbate_onehot,lightgbm_deeper,holdout_adsorbent,3,427,110,42,43,11,0.002738756068193071,26.310842542144098,17.721330973444182,2.1189874262092157,11.861012690014592,100.0
screening_safe_numeric_only,dummy_mean,holdout_adsorbent,3,427,110,42,43,11,-0.009549382099708792,26.472445837433085,22.921671232933786,-2.5746483476108084,71.1373057954801,71.1373057954801
screening_safe_numeric_only,xgboost,holdout_adsorbent,3,427,110,42,43,11,0.5143120470623248,18.361533545100663,13.469126661040793,-0.7739219061246895,21.78118324279785,98.33795166015625
screening_safe_numeric_only,extra_trees,holdout_adsorbent,3,427,110,42,43,11,0.5487046553500885,17.699488326152068,13.405000937764102,-2.3746786887382765,15.620107709921994,97.23010639069216
screening_safe_numeric_only,lightgbm,holdout_adsorbent,3,427,110,42,43,11,0.4542157895396395,19.464388684761726,14.264821249700516,-0.6478501222606236,14.893762328175548,100.0
screening_safe_numeric_only,lightgbm_conservative,holdout_adsorbent,3,427,110,42,43,11,0.36011672834733743,21.07563473179126,15.479211496272097,-2.064827423376565,17.947363786676227,100.0
screening_safe_numeric_only,lightgbm_deeper,holdout_adsorbent,3,427,110,42,43,11,0.4794375821840958,19.009324753332038,14.247164564535474,-2.070520903916699,5.992442182600528,100.0
full_capacity_process_model,dummy_mean,random_regime,4,429,108,48,75,10,-0.00032018443706505195,29.323906324909153,25.301120956446947,0.5246291489691792,71.77021318156177,71.77021318156177
full_capacity_process_model,xgboost,random_regime,4,429,108,48,75,10,0.7401990468182822,14.944200219058713,8.756781219177677,1.5733364826091176,8.709775924682617,99.33271789550781
full_capacity_process_model,extra_trees,random_regime,4,429,108,48,75,10,0.705393163932057,15.91379346940544,9.311879574154762,1.5211216568306352,4.149263888888895,99.93807242063492
full_capacity_process_model,lightgbm,random_regime,4,429,108,48,75,10,0.7380104281078474,15.0070147726987,9.132594386345234,1.4259726156305677,6.0135841535730385,100.0
full_capacity_process_model,lightgbm_conservative,random_regime,4,429,108,48,75,10,0.7270528558513203,15.317630349401252,9.253102594803623,1.1734203540021102,9.323323833364341,100.0
full_capacity_process_model,lightgbm_deeper,random_regime,4,429,108,48,75,10,0.7437678445846602,14.841203578119636,8.502659864148255,1.1055322518237287,5.639949525957525,100.0
screening_safe_plus_ion,dummy_mean,random_regime,4,429,108,48,75,10,-0.00032018443706505195,29.323906324909153,25.301120956446947,0.5246291489691792,71.77021318156177,71.77021318156177
screening_safe_plus_ion,xgboost,random_regime,4,429,108,48,75,10,0.6342456724793326,17.731564006901213,11.454902657622679,1.6174433192812996,15.731877326965332,100.0
screening_safe_plus_ion,extra_trees,random_regime,4,429,108,48,75,10,0.6454605294616982,17.457602609397714,11.096989669245637,1.579614762176524,12.355410416666668,99.94838525641028
screening_safe_plus_ion,lightgbm,random_regime,4,429,108,48,75,10,0.639090027993519,17.61374677425173,11.352545820533592,2.330930095426533,11.565250044484083,100.0
screening_safe_plus_ion,lightgbm_conservative,random_regime,4,429,108,48,75,10,0.6514638930441969,17.30916809090024,11.576867110942455,1.4192474965668638,13.939141911824866,100.0
screening_safe_plus_ion,lightgbm_deeper,random_regime,4,429,108,48,75,10,0.6818427126606916,16.537629005090157,10.817181548511607,2.2814224164532213,15.236348056557702,100.0
screening_safe_plus_adsorbate_onehot,dummy_mean,random_regime,4,429,108,48,75,10,-0.00032018443706505195,29.323906324909153,25.301120956446947,0.5246291489691792,71.77021318156177,71.77021318156177
screening_safe_plus_adsorbate_onehot,xgboost,random_regime,4,429,108,48,75,10,0.6598168588624853,17.100495749420453,11.087455610212489,1.437123365433485,17.670564651489258,100.0
screening_safe_plus_adsorbate_onehot,extra_trees,random_regime,4,429,108,48,75,10,0.6581034275051656,17.14350746807094,11.046328074159074,1.0596223329957748,10.476062500000005,99.99437638888888
screening_safe_plus_adsorbate_onehot,lightgbm,random_regime,4,429,108,48,75,10,0.6619738029596972,17.046196370081788,10.958475374117267,1.823309860176286,12.619941338532106,100.0
screening_safe_plus_adsorbate_onehot,lightgbm_conservative,random_regime,4,429,108,48,75,10,0.6438406122519738,17.49743969896639,11.691474269187303,1.1259195767684345,16.26548715978577,100.0
screening_safe_plus_adsorbate_onehot,lightgbm_deeper,random_regime,4,429,108,48,75,10,0.6965291831026849,16.15142236819004,10.137045587918657,2.621831815856104,10.630205770863206,100.0
screening_safe_numeric_only,dummy_mean,random_regime,4,429,108,48,75,10,-0.00032018443706505195,29.323906324909153,25.301120956446947,0.5246291489691792,71.77021318156177,71.77021318156177
screening_safe_numeric_only,xgboost,random_regime,4,429,108,48,75,10,0.5966409989225865,18.620793497085096,12.91967285447894,1.887643969178557,25.610342025756836,96.25440979003906
screening_safe_numeric_only,extra_trees,random_regime,4,429,108,48,75,10,0.18805962287078104,26.418878463988502,19.04827995979784,2.874257764167217,19.938987121212115,97.30710555555564
screening_safe_numeric_only,lightgbm,random_regime,4,429,108,48,75,10,0.6275415390801058,17.893332392790814,12.211927657433224,2.2576958764358257,25.09253096310361,100.0
screening_safe_numeric_only,lightgbm_conservative,random_regime,4,429,108,48,75,10,0.5139239059864442,20.441108272416226,13.951947329003346,0.8338325665417846,22.352775341717578,100.0
screening_safe_numeric_only,lightgbm_deeper,random_regime,4,429,108,48,75,10,0.6500238969944288,17.34488812296532,11.027466306253165,2.201856397978696,19.01405195534261,100.0
full_capacity_process_model,dummy_mean,holdout_reference,4,491,46,36,35,10,-0.07651894371113954,26.399915560577927,22.97936555082706,-7.038436270306384,71.06178112099796,71.06178112099796
full_capacity_process_model,xgboost,holdout_reference,4,491,46,36,35,10,0.18201390944650309,23.012545430667007,15.842681854911472,2.947617834339971,57.619510650634766,95.81836700439453
full_capacity_process_model,extra_trees,holdout_reference,4,491,46,36,35,10,0.17686653650047546,23.084837850366124,16.244196945663628,3.9075668029720023,51.838916666666684,94.77643076319495
full_capacity_process_model,lightgbm,holdout_reference,4,491,46,36,35,10,0.2709768281805416,21.72512909226442,15.465499787825031,2.9168974028447936,54.24548937619084,100.0
full_capacity_process_model,lightgbm_conservative,holdout_reference,4,491,46,36,35,10,-0.015260600065681196,25.637782908480556,16.58320521818049,4.82706297921887,54.82166802278906,100.0
full_capacity_process_model,lightgbm_deeper,holdout_reference,4,491,46,36,35,10,0.193807144132373,22.846052588673444,15.950043773212755,3.0973805593317674,57.53737787290702,99.34336943673969
screening_safe_plus_ion,dummy_mean,holdout_reference,4,491,46,36,35,10,-0.07651894371113954,26.399915560577927,22.97936555082706,-7.038436270306384,71.06178112099796,71.06178112099796
screening_safe_plus_ion,xgboost,holdout_reference,4,491,46,36,35,10,0.12535908596528544,23.79614430809114,16.893419152964714,3.5974589770773178,48.503173828125,96.46408081054688
screening_safe_plus_ion,extra_trees,holdout_reference,4,491,46,36,35,10,0.22357696382155057,22.420273472825677,16.130588733055387,4.160735942804498,58.73611643873114,94.62526486307532
screening_safe_plus_ion,lightgbm,holdout_reference,4,491,46,36,35,10,0.28457195192194573,21.521606214107813,15.739908381628426,3.713490578579976,49.32984614317336,100.0
screening_safe_plus_ion,lightgbm_conservative,holdout_reference,4,491,46,36,35,10,0.35351178540458505,20.458416013997017,16.203758138631226,1.927196976149183,42.66931319862125,100.0
screening_safe_plus_ion,lightgbm_deeper,holdout_reference,4,491,46,36,35,10,0.2775233923384077,21.627364240232037,16.214516553750276,2.0831305759382404,44.67090132858979,100.0
screening_safe_plus_adsorbate_onehot,dummy_mean,holdout_reference,4,491,46,36,35,10,-0.07651894371113954,26.399915560577927,22.97936555082706,-7.038436270306384,71.06178112099796,71.06178112099796
screening_safe_plus_adsorbate_onehot,xgboost,holdout_reference,4,491,46,36,35,10,0.14058286641639794,23.588140358018556,16.647702593596087,3.793580856323242,55.41489791870117,95.04833984375
screening_safe_plus_adsorbate_onehot,extra_trees,holdout_reference,4,491,46,36,35,10,0.15739707160826988,23.356253569717254,16.462163813259778,3.195175994113771,34.09613194444443,94.85190540509308
screening_safe_plus_adsorbate_onehot,lightgbm,holdout_reference,4,491,46,36,35,10,0.23401244433855095,22.269094413471468,15.797949435493518,3.4301492392399493,51.68648458230318,100.0
screening_safe_plus_adsorbate_onehot,lightgbm_conservative,holdout_reference,4,491,46,36,35,10,0.16913520697484774,23.192997319823714,17.06701529539547,3.202485659494607,54.91950275955153,99.34752834023614
screening_safe_plus_adsorbate_onehot,lightgbm_deeper,holdout_reference,4,491,46,36,35,10,0.21243088272360278,22.58062916198884,15.812980475971939,3.750868165886765,54.5356927359265,100.0
screening_safe_numeric_only,dummy_mean,holdout_reference,4,491,46,36,35,10,-0.07651894371113954,26.399915560577927,22.97936555082706,-7.038436270306384,71.06178112099796,71.06178112099796
screening_safe_numeric_only,xgboost,holdout_reference,4,491,46,36,35,10,0.32083066043786135,20.96914560922221,16.13105646548064,1.4257459358547042,41.35418701171875,97.32198333740234
screening_safe_numeric_only,extra_trees,holdout_reference,4,491,46,36,35,10,0.4259967201828999,19.27741897719393,14.624259018163942,2.759589494847596,46.85096453587034,92.42064110430563
screening_safe_numeric_only,lightgbm,holdout_reference,4,491,46,36,35,10,0.4099217433513418,19.54548743119457,14.836437973915864,1.4257716816937318,44.67237996535598,100.0
screening_safe_numeric_only,lightgbm_conservative,holdout_reference,4,491,46,36,35,10,0.3467679234479144,20.56484548059575,15.295749171636777,3.517589260567876,43.91934657482144,100.0
screening_safe_numeric_only,lightgbm_deeper,holdout_reference,4,491,46,36,35,10,0.18918580993026657,22.911439160102482,17.612718278859617,0.06843671199509864,51.63475396471646,100.0
full_capacity_process_model,dummy_mean,holdout_adsorbent,4,425,112,51,43,13,-0.04677244096871336,28.52636257822495,25.841187893414915,-6.029971723472492,70.40705344018822,70.40705344018822
full_capacity_process_model,xgboost,holdout_adsorbent,4,425,112,51,43,13,0.4460701223588712,20.75141200549693,14.131619508051887,-3.7960863196611236,6.174741744995117,98.96588134765625
full_capacity_process_model,extra_trees,holdout_adsorbent,4,425,112,51,43,13,0.5796984453123293,18.075934379346844,13.977613646383919,-1.5648260322202634,8.17012847155715,99.82655555555557
full_capacity_process_model,lightgbm,holdout_adsorbent,4,425,112,51,43,13,0.4500274191801743,20.67715469192584,13.788095013111416,-4.1553165782275965,8.312190304368835,100.0
full_capacity_process_model,lightgbm_conservative,holdout_adsorbent,4,425,112,51,43,13,0.48367669252631873,20.034620616067468,14.4055922264738,-4.414451510299377,9.619715674582665,100.0
full_capacity_process_model,lightgbm_deeper,holdout_adsorbent,4,425,112,51,43,13,0.38723953570489245,21.825571581988644,13.518791392553704,-4.898569738747153,7.662164832234796,100.0
screening_safe_plus_ion,dummy_mean,holdout_adsorbent,4,425,112,51,43,13,-0.04677244096871336,28.52636257822495,25.841187893414915,-6.029971723472492,70.40705344018822,70.40705344018822
screening_safe_plus_ion,xgboost,holdout_adsorbent,4,425,112,51,43,13,0.5718133881296521,18.244703077638246,15.118502493030702,-1.482882848613586,13.057701110839844,98.1358871459961
screening_safe_plus_ion,extra_trees,holdout_adsorbent,4,425,112,51,43,13,0.6046664432617774,17.530814635272094,14.369383592515947,0.7348037188717973,9.544156840934848,99.61957500000003
screening_safe_plus_ion,lightgbm,holdout_adsorbent,4,425,112,51,43,13,0.5626817676662272,18.438222431102115,14.722408564311108,-0.4557694944499892,14.363650563563725,100.0
screening_safe_plus_ion,lightgbm_conservative,holdout_adsorbent,4,425,112,51,43,13,0.5651624760737335,18.385852211865604,15.195410232746784,-2.038925625968349,15.877954172808035,100.0
screening_safe_plus_ion,lightgbm_deeper,holdout_adsorbent,4,425,112,51,43,13,0.5364120014266351,18.98393988688485,14.864909196079713,-1.0287248171515189,12.298712997769261,100.0
screening_safe_plus_adsorbate_onehot,dummy_mean,holdout_adsorbent,4,425,112,51,43,13,-0.04677244096871336,28.52636257822495,25.841187893414915,-6.029971723472492,70.40705344018822,70.40705344018822
screening_safe_plus_adsorbate_onehot,xgboost,holdout_adsorbent,4,425,112,51,43,13,0.6056273724165497,17.509495777069002,14.457234539771097,-0.3391705579178508,13.940669059753418,97.55358123779297
screening_safe_plus_adsorbate_onehot,extra_trees,holdout_adsorbent,4,425,112,51,43,13,0.5184485847490335,19.348245514014167,15.082306429798368,0.43210701378587285,11.556508333333339,99.49660794864862
screening_safe_plus_adsorbate_onehot,lightgbm,holdout_adsorbent,4,425,112,51,43,13,0.5868274383679779,17.921980241944556,14.342845792484448,-0.4921076144093805,15.728042632471702,100.0
screening_safe_plus_adsorbate_onehot,lightgbm_conservative,holdout_adsorbent,4,425,112,51,43,13,0.6045753016192057,17.532835327842875,14.517446794329512,-1.6697217910090691,13.966625676965924,100.0
screening_safe_plus_adsorbate_onehot,lightgbm_deeper,holdout_adsorbent,4,425,112,51,43,13,0.5872307036463401,17.91323198832553,14.11506092104497,-0.7425352986970423,9.462010228746701,100.0
screening_safe_numeric_only,dummy_mean,holdout_adsorbent,4,425,112,51,43,13,-0.04677244096871336,28.52636257822495,25.841187893414915,-6.029971723472492,70.40705344018822,70.40705344018822
screening_safe_numeric_only,xgboost,holdout_adsorbent,4,425,112,51,43,13,0.5775398970868459,18.12229134358519,15.221773098322341,0.2194940194300408,14.534598350524902,95.44361114501953
screening_safe_numeric_only,extra_trees,holdout_adsorbent,4,425,112,51,43,13,0.6018786433941419,17.59251765181603,14.632840463421745,-0.5696958273529446,8.79601835317461,96.24605277357655
screening_safe_numeric_only,lightgbm,holdout_adsorbent,4,425,112,51,43,13,0.6178010200055658,17.23713248616902,13.666401577931543,1.110339486982761,23.301868288827755,100.0
screening_safe_numeric_only,lightgbm_conservative,holdout_adsorbent,4,425,112,51,43,13,0.5668554925617773,18.350025142311605,15.401411061422724,-0.6353914665662052,23.751611154709096,100.0
screening_safe_numeric_only,lightgbm_deeper,holdout_adsorbent,4,425,112,51,43,13,0.6096452507216394,17.420073842830217,13.994270979193344,0.9190289901671232,18.038098288149857,100.0
